"First Name","Last Name","Gender","Email","Phone","Salary","Marital Status","Credit card number"
"Andrew","Lloyd","Male","a.lloyd@randatmail.com","158-3248-99","7411","Married","7018455819"
"Lydia","Ellis","Female","l.ellis@randatmail.com","412-9216-27","7851","Married","6270541675"
"Elian","Morris","Male","e.morris@randatmail.com","321-6982-03","3473","Single","9136981129"
"Sam","Kelly","Male","s.kelly@randatmail.com","847-0852-26","4227","Married","9024604502"
"Naomi","Riley","Female","n.riley@randatmail.com","852-4126-42","3076","Single","2186578294"
"Ryan","Harris","Male","r.harris@randatmail.com","566-5014-97","7283","Married","9809558933"
"Belinda","Stewart","Female","b.stewart@randatmail.com","749-4374-90","7372","Single","7721703287"
"Myra","Reed","Female","m.reed@randatmail.com","792-2331-72","9530","Married","9710534890"
"Jordan","Thomas","Male","j.thomas@randatmail.com","558-7208-67","9720","Single","5807055522"
"Dominik","Turner","Male","d.turner@randatmail.com","642-9487-74","9662","Single","5763689177"
"Dominik","Allen","Male","d.allen@randatmail.com","646-7746-27","5195","Single","0326373749"
"Victor","Mitchell","Male","v.mitchell@randatmail.com","859-5451-88","7271","Married","4574478542"
"Sydney","Nelson","Female","s.nelson@randatmail.com","957-3095-98","5477","Single","4787010664"
"Oscar","Morgan","Male","o.morgan@randatmail.com","810-9625-23","5821","Married","1078192591"
"Tony","Watson","Male","t.watson@randatmail.com","400-1414-28","2326","Single","5320152928"
"Amber","Higgins","Female","a.higgins@randatmail.com","374-0109-14","9360","Single","9005576824"
"Andrew","Thomas","Male","a.thomas@randatmail.com","731-8206-90","4056","Married","5120766199"
"Maddie","Alexander","Female","m.alexander@randatmail.com","769-6473-33","4456","Single","1597984858"
"Paul","Harper","Male","p.harper@randatmail.com","421-6159-91","3177","Single","4875369029"
"Charlotte","Andrews","Female","c.andrews@randatmail.com","161-7970-99","1628","Married","0369061686"
"James","Smith","Male","j.smith@randatmail.com","106-9785-64","9216","Married","6094477385"
"Camila","Stewart","Female","c.stewart@randatmail.com","941-8805-47","3740","Married","1805625816"
"Roman","Perkins","Male","r.perkins@randatmail.com","021-7609-53","4268","Single","1492031137"
"James","Mitchell","Male","j.mitchell@randatmail.com","771-6760-32","5285","Married","6598961075"
"Haris","Higgins","Male","h.higgins@randatmail.com","496-2323-87","3029","Single","5629226433"
"Honey","Moore","Female","h.moore@randatmail.com","879-2167-68","3365","Married","2135710975"
"Martin","Myers","Male","m.myers@randatmail.com","832-5931-58","9941","Married","9969892573"
"Ryan","Dixon","Male","r.dixon@randatmail.com","390-5780-11","5219","Single","8541049471"
"Adison","Carter","Male","a.carter@randatmail.com","556-7552-41","5227","Married","8222291815"
"Lana","Harper","Female","l.harper@randatmail.com","635-8917-83","6749","Single","7688224350"
"Tony","Smith","Male","t.smith@randatmail.com","652-3720-05","4533","Single","6166892900"
"Florrie","Scott","Female","f.scott@randatmail.com","048-3836-92","5677","Married","5631538687"
"Charlotte","Ross","Female","c.ross@randatmail.com","615-8062-81","5208","Married","8724300427"
"Florrie","Fowler","Female","f.fowler@randatmail.com","023-4937-79","8629","Single","6574410395"
"Lucy","Murray","Female","l.murray@randatmail.com","086-3806-84","5032","Married","7590118958"
"Rebecca","Morgan","Female","r.morgan@randatmail.com","958-9620-97","5395","Married","6421914362"
"Julian","Montgomery","Male","j.montgomery@randatmail.com","717-3880-01","3854","Married","8015397011"
"Adelaide","Brooks","Female","a.brooks@randatmail.com","279-8515-01","9358","Married","8951766713"
"Elian","Ellis","Male","e.ellis@randatmail.com","223-0652-35","3081","Married","9081553114"
"Arnold","Douglas","Male","a.douglas@randatmail.com","448-2851-81","1115","Single","5582342521"
"Kelsey","Morrison","Female","k.morrison@randatmail.com","091-6277-56","1587","Single","4172773420"
"Albert","Hamilton","Male","a.hamilton@randatmail.com","121-3576-97","2480","Married","2346369490"
"Edith","Martin","Female","e.martin@randatmail.com","738-8195-68","7121","Married","2463966649"
"Miley","Henderson","Female","m.henderson@randatmail.com","781-6593-21","5239","Single","6844729223"
"Edith","Wells","Female","e.wells@randatmail.com","047-2249-85","3607","Married","2106356530"
"Aiden","Craig","Male","a.craig@randatmail.com","076-8626-25","3351","Single","2789342441"
"Aiden","Spencer","Male","a.spencer@randatmail.com","927-6163-57","4079","Single","8281521503"
"Melanie","Rogers","Female","m.rogers@randatmail.com","901-3884-44","9933","Single","6951185469"
"Madaline","Henderson","Female","m.henderson@randatmail.com","016-0020-10","1809","Single","9927409323"
"Camila","Ferguson","Female","c.ferguson@randatmail.com","359-0774-34","1429","Married","5531458764"
"Gianna","Cameron","Female","g.cameron@randatmail.com","897-0317-79","6947","Single","4517878766"
"Amber","Wells","Female","a.wells@randatmail.com","691-0068-17","7515","Married","3960712305"
"Valeria","Phillips","Female","v.phillips@randatmail.com","231-0293-06","3429","Married","1412444228"
"Miranda","Bennett","Female","m.bennett@randatmail.com","892-3248-60","8290","Married","8591531741"
"Preston","Carter","Male","p.carter@randatmail.com","941-1802-19","8506","Married","3913841147"
"Lydia","Bennett","Female","l.bennett@randatmail.com","568-6383-83","6058","Single","3991987167"
"Roland","Smith","Male","r.smith@randatmail.com","640-9429-72","10000","Single","3841209991"
"Blake","Payne","Male","b.payne@randatmail.com","020-0690-09","9216","Single","1758978709"
"Carl","Harrison","Male","c.harrison@randatmail.com","100-8926-59","8023","Married","6489083357"
"Maya","Thompson","Female","m.thompson@randatmail.com","899-7734-53","1747","Single","5888700657"
"Freddie","Hunt","Male","f.hunt@randatmail.com","802-5956-43","7101","Married","7489878487"
"Marcus","Warren","Male","m.warren@randatmail.com","920-0479-51","8686","Single","7204348184"
"Victor","Riley","Male","v.riley@randatmail.com","228-7114-70","8071","Married","1774156965"
"Honey","Edwards","Female","h.edwards@randatmail.com","349-5398-38","9906","Married","8869566958"
"Jack","Howard","Male","j.howard@randatmail.com","482-1048-99","5280","Married","6568397220"
"Gianna","Hunt","Female","g.hunt@randatmail.com","173-0879-42","3109","Single","4517245858"
"Adele","Kelly","Female","a.kelly@randatmail.com","980-0165-06","8860","Married","4808279117"
"Derek","Hunt","Male","d.hunt@randatmail.com","790-5967-01","6132","Married","3721108246"
"Garry","Owens","Male","g.owens@randatmail.com","192-4508-28","1571","Single","6285499416"
"Ted","Carroll","Male","t.carroll@randatmail.com","498-8024-97","7407","Married","2305957221"
"Florrie","Kelley","Female","f.kelley@randatmail.com","513-6787-52","8705","Single","1665432310"
"Dale","Nelson","Male","d.nelson@randatmail.com","218-9059-85","7164","Single","9123585374"
"Mary","Andrews","Female","m.andrews@randatmail.com","010-8437-20","2253","Married","9251000386"
"Jasmine","Baker","Female","j.baker@randatmail.com","931-6250-45","9167","Married","1715103021"
"Jenna","Payne","Female","j.payne@randatmail.com","641-5257-79","4601","Married","8847788393"
"David","Adams","Male","d.adams@randatmail.com","122-8034-02","3490","Married","5702510404"
"Abraham","Miller","Male","a.miller@randatmail.com","254-3121-42","7654","Married","0922779143"
"Olivia","Riley","Female","o.riley@randatmail.com","114-4020-48","6470","Married","2745875435"
"Anna","Thomas","Female","a.thomas@randatmail.com","080-0039-49","3345","Married","2022773280"
"Walter","Hamilton","Male","w.hamilton@randatmail.com","909-3458-00","9246","Married","6237261930"
"Daisy","Dixon","Female","d.dixon@randatmail.com","189-2054-10","1652","Married","6280459446"
"Leonardo","Robinson","Male","l.robinson@randatmail.com","830-5643-03","4985","Single","4417219664"
"Tess","Cooper","Female","t.cooper@randatmail.com","090-8257-90","2518","Married","0977585193"
"Chester","Richardson","Male","c.richardson@randatmail.com","629-9283-52","8893","Married","2679792510"
"Catherine","Holmes","Female","c.holmes@randatmail.com","240-9548-63","3873","Married","5388426222"
"Bruce","Johnson","Male","b.johnson@randatmail.com","356-1165-98","4658","Single","6862505817"
"Lana","Bennett","Female","l.bennett@randatmail.com","120-4756-73","787","Single","1615220778"
"Chelsea","Bailey","Female","c.bailey@randatmail.com","821-7379-95","605","Single","3725283620"
"Vincent","Morris","Male","v.morris@randatmail.com","943-0560-13","7852","Married","8797520409"
"Byron","Clark","Male","b.clark@randatmail.com","620-1659-24","7249","Single","9145851137"
"Ted","Montgomery","Male","t.montgomery@randatmail.com","991-1498-92","6399","Married","8892286413"
"Kirsten","Sullivan","Female","k.sullivan@randatmail.com","078-4501-50","3528","Single","4477537592"
"Dainton","Clark","Male","d.clark@randatmail.com","404-1408-67","7737","Single","5323274755"
"Arianna","Russell","Female","a.russell@randatmail.com","257-6574-19","4089","Single","6082619652"
"Samantha","Morgan","Female","s.morgan@randatmail.com","133-9365-40","9568","Married","4743076262"
"Madaline","Riley","Female","m.riley@randatmail.com","674-3589-96","6370","Single","2579111216"
"Heather","Spencer","Female","h.spencer@randatmail.com","414-0979-39","835","Married","9043617909"
"Vanessa","Warren","Female","v.warren@randatmail.com","263-6377-74","2928","Married","8378082187"
"Sydney","Montgomery","Female","s.montgomery@randatmail.com","787-6687-87","8726","Single","8422439938"
"Eleanor","Bennett","Female","e.bennett@randatmail.com","118-3808-18","5476","Married","5128388280"
"Lucia","Richardson","Female","l.richardson@randatmail.com","521-8584-28","7901","Married","7272262339"
"Wilson","Henderson","Male","w.henderson@randatmail.com","515-4850-15","6665","Married","9947571551"
"Aiden","Thomas","Male","a.thomas@randatmail.com","421-5649-60","1412","Married","6498063372"
"Alan","Russell","Male","a.russell@randatmail.com","923-5689-71","3719","Single","5547275280"
"Thomas","Jones","Male","t.jones@randatmail.com","666-1057-37","9344","Single","2162752246"
"Patrick","Perry","Male","p.perry@randatmail.com","743-1200-18","5546","Married","4337411564"
"George","Clark","Male","g.clark@randatmail.com","788-0629-39","9123","Single","1357279646"
"Ashton","Hill","Male","a.hill@randatmail.com","443-5815-43","9673","Single","3552836408"
"Andrew","Morrison","Male","a.morrison@randatmail.com","440-7170-74","9581","Married","3634879237"
"Ted","Douglas","Male","t.douglas@randatmail.com","202-9014-60","6425","Married","2955757736"
"Emily","Richardson","Female","e.richardson@randatmail.com","466-2081-71","4208","Single","7402403275"
"Amy","Holmes","Female","a.holmes@randatmail.com","777-4337-72","4719","Single","7724583009"
"Alberta","Jones","Female","a.jones@randatmail.com","539-1035-37","3188","Single","5389056851"
"Byron","Watson","Male","b.watson@randatmail.com","223-5613-81","617","Married","3207485900"
"Roland","Martin","Male","r.martin@randatmail.com","624-2110-92","1146","Single","1876433298"
"Alisa","Craig","Female","a.craig@randatmail.com","792-3515-03","2710","Married","3371609464"
"Caroline","Brown","Female","c.brown@randatmail.com","068-7781-18","3072","Single","4775310751"
"William","Martin","Male","w.martin@randatmail.com","679-7932-89","1886","Married","4087202333"
"Lydia","Stewart","Female","l.stewart@randatmail.com","001-6141-53","7896","Single","2598421792"
"Stuart","Harper","Male","s.harper@randatmail.com","047-2654-22","6081","Married","8523090356"
"Alan","Thomas","Male","a.thomas@randatmail.com","368-5975-87","6130","Single","5487618628"
"Elise","Turner","Female","e.turner@randatmail.com","158-6844-60","7941","Single","1205618590"
"Kelsey","Spencer","Female","k.spencer@randatmail.com","895-5249-85","7039","Single","9566707697"
"Harold","Reed","Male","h.reed@randatmail.com","876-8848-92","9479","Single","6121763467"
"Maximilian","Hunt","Male","m.hunt@randatmail.com","662-1094-21","3754","Married","7635014632"
"Jasmine","Harrison","Female","j.harrison@randatmail.com","902-1102-48","9090","Single","0873211801"
"Cherry","Richardson","Female","c.richardson@randatmail.com","724-0247-68","7838","Single","4640764790"
"Alberta","Ellis","Female","a.ellis@randatmail.com","290-9053-35","6763","Married","3699657090"
"Aiden","Campbell","Male","a.campbell@randatmail.com","502-2301-25","6787","Single","4820338093"
"Chelsea","Hill","Female","c.hill@randatmail.com","914-8567-44","8198","Married","0802677550"
"Preston","Crawford","Male","p.crawford@randatmail.com","381-2962-49","2953","Single","9899315085"
"Thomas","Ferguson","Male","t.ferguson@randatmail.com","181-4194-20","8520","Married","7427380248"
"Gianna","Henderson","Female","g.henderson@randatmail.com","528-4191-18","4601","Married","6295081216"
"Owen","Thompson","Male","o.thompson@randatmail.com","529-6752-33","2911","Married","1901660851"
"Carina","Stevens","Female","c.stevens@randatmail.com","699-0185-02","9908","Married","4443807718"
"Adele","Ferguson","Female","a.ferguson@randatmail.com","923-3859-64","4554","Married","2720724151"
"William","Holmes","Male","w.holmes@randatmail.com","616-9013-08","5542","Married","8564783702"
"Connie","Edwards","Female","c.edwards@randatmail.com","758-5335-34","1829","Single","9246675563"
"Dominik","Bailey","Male","d.bailey@randatmail.com","829-8395-39","604","Single","1456152880"
"Maria","Nelson","Female","m.nelson@randatmail.com","258-6015-85","7986","Single","1773028418"
"Alissa","Stewart","Female","a.stewart@randatmail.com","020-0418-21","5726","Married","3380343760"
"Amanda","Mitchell","Female","a.mitchell@randatmail.com","717-5554-80","4462","Single","3258669808"
"Edgar","Chapman","Male","e.chapman@randatmail.com","574-8300-40","5230","Married","5851711657"
"Edgar","Morris","Male","e.morris@randatmail.com","215-0568-92","8405","Single","0851168843"
"Victor","Ryan","Male","v.ryan@randatmail.com","958-0130-36","7305","Married","9426990724"
"Carl","Russell","Male","c.russell@randatmail.com","546-7038-85","4076","Single","4274311459"
"Miller","Taylor","Male","m.taylor@randatmail.com","543-2543-38","8123","Single","9379315358"
"Elian","Stevens","Male","e.stevens@randatmail.com","855-2425-59","8828","Single","9936347788"
"Tyler","Stevens","Male","t.stevens@randatmail.com","284-8099-42","513","Single","7320660410"
"Daniel","Wright","Male","d.wright@randatmail.com","365-2305-41","9425","Married","5631962289"
"Tyler","Cooper","Male","t.cooper@randatmail.com","060-8258-43","3127","Married","6792864210"
"Lucia","Allen","Female","l.allen@randatmail.com","882-3618-10","8489","Married","3393634753"
"Adam","Hill","Male","a.hill@randatmail.com","374-4714-55","9255","Single","3799076854"
"Ted","Owens","Male","t.owens@randatmail.com","175-4134-29","7328","Single","9378357544"
"Michelle","Elliott","Female","m.elliott@randatmail.com","667-6852-52","5475","Married","1029081674"
"Clark","Barrett","Male","c.barrett@randatmail.com","927-1113-40","2515","Married","6135208189"
"George","Gray","Male","g.gray@randatmail.com","921-8269-21","3223","Single","7660065882"
"Garry","Walker","Male","g.walker@randatmail.com","057-6321-22","1621","Married","6683343246"
"Arnold","Perkins","Male","a.perkins@randatmail.com","458-6633-39","3737","Single","9688054450"
"John","Farrell","Male","j.farrell@randatmail.com","025-5031-18","4301","Single","2490992083"
"Alan","Bennett","Male","a.bennett@randatmail.com","974-7388-32","1924","Married","5389859806"
"Amy","Farrell","Female","a.farrell@randatmail.com","152-6195-86","8291","Married","7966111217"
"Joyce","Barrett","Female","j.barrett@randatmail.com","304-3897-34","2710","Married","0904599585"
"Ryan","Brown","Male","r.brown@randatmail.com","501-7441-44","4513","Married","2449483707"
"Alfred","Warren","Male","a.warren@randatmail.com","571-6584-70","6471","Married","3117797551"
"Lilianna","Montgomery","Female","l.montgomery@randatmail.com","290-9351-74","7613","Married","9346587212"
"Valeria","Johnson","Female","v.johnson@randatmail.com","598-1411-08","6425","Married","2187490919"
"Tyler","Bennett","Male","t.bennett@randatmail.com","644-2710-02","6380","Single","8149647067"
"Lucas","Stevens","Male","l.stevens@randatmail.com","009-3453-76","2041","Married","9758385345"
"Steven","Spencer","Male","s.spencer@randatmail.com","964-6375-98","3062","Married","1937343144"
"Amanda","Craig","Female","a.craig@randatmail.com","027-3261-50","5520","Single","9566075101"
"Abraham","Cunningham","Male","a.cunningham@randatmail.com","070-9471-95","6593","Single","4599489804"
"Catherine","Fowler","Female","c.fowler@randatmail.com","605-6600-26","9015","Married","8323066102"
"Lyndon","Montgomery","Male","l.montgomery@randatmail.com","595-0165-64","2340","Single","9128635967"
"Audrey","Kelley","Female","a.kelley@randatmail.com","157-7344-81","8119","Single","4627050260"
"Alexander","Moore","Male","a.moore@randatmail.com","005-8410-42","646","Single","1901177735"
"Alexia","Reed","Female","a.reed@randatmail.com","186-1898-17","1936","Single","2458100032"
"Rafael","Walker","Male","r.walker@randatmail.com","827-1600-42","8620","Married","9847579567"
"Adelaide","Roberts","Female","a.roberts@randatmail.com","486-9231-38","5786","Single","1579923239"
"Emma","Perkins","Female","e.perkins@randatmail.com","870-3340-19","5021","Married","5743756471"
"Brianna","Farrell","Female","b.farrell@randatmail.com","994-4677-37","6098","Married","3846094789"
"Lucy","Lloyd","Female","l.lloyd@randatmail.com","484-0171-78","6599","Married","8150041576"
"Alexia","Wells","Female","a.wells@randatmail.com","751-6002-44","7692","Single","5427996317"
"Sarah","Watson","Female","s.watson@randatmail.com","441-8648-77","6462","Married","1959938674"
"Alissa","Gibson","Female","a.gibson@randatmail.com","054-9501-77","8880","Married","0692178061"
"Sophia","Morgan","Female","s.morgan@randatmail.com","110-1997-73","6166","Single","1894245605"
"Rosie","Harrison","Female","r.harrison@randatmail.com","122-1199-15","9936","Single","7320577001"
"Deanna","Robinson","Female","d.robinson@randatmail.com","454-3506-46","4757","Single","9036628652"
"Charlotte","Fowler","Female","c.fowler@randatmail.com","818-8412-03","3376","Married","4764017271"
"Tony","Gibson","Male","t.gibson@randatmail.com","858-8202-94","6295","Married","1531236613"
"Walter","Perkins","Male","w.perkins@randatmail.com","420-3886-36","8686","Single","0957195524"
"Harold","Alexander","Male","h.alexander@randatmail.com","253-1395-48","3429","Single","4344923829"
"Ada","Spencer","Female","a.spencer@randatmail.com","089-2681-19","2399","Married","2682936692"
"Audrey","Dixon","Female","a.dixon@randatmail.com","467-9272-79","6112","Single","5666235032"
"Owen","Chapman","Male","o.chapman@randatmail.com","047-9491-58","5262","Single","5582990205"
"Arianna","Dixon","Female","a.dixon@randatmail.com","299-0530-94","1623","Single","0078604522"
"Belinda","Grant","Female","b.grant@randatmail.com","894-9866-42","7651","Married","5037609878"
"John","Richards","Male","j.richards@randatmail.com","806-3657-36","2659","Single","2553685220"
"Amanda","Moore","Female","a.moore@randatmail.com","754-7297-08","575","Single","9473734930"
"Sophia","Bennett","Female","s.bennett@randatmail.com","869-5782-31","9610","Married","0912528146"
